"Column Name","Label"
"GEO_ID","Geography"
"NAME","Geographic Area Name"
"S2401_C01_001E","Total!!Estimate!!Civilian employed population 16 years and over"
"S2401_C01_001M","Total!!Margin of Error!!Civilian employed population 16 years and over"
"S2401_C02_001E","Male!!Estimate!!Civilian employed population 16 years and over"
"S2401_C02_001M","Male!!Margin of Error!!Civilian employed population 16 years and over"
"S2401_C03_001E","Percent Male!!Estimate!!Civilian employed population 16 years and over"
"S2401_C03_001M","Percent Male!!Margin of Error!!Civilian employed population 16 years and over"
"S2401_C04_001E","Female!!Estimate!!Civilian employed population 16 years and over"
"S2401_C04_001M","Female!!Margin of Error!!Civilian employed population 16 years and over"
"S2401_C05_001E","Percent Female!!Estimate!!Civilian employed population 16 years and over"
"S2401_C05_001M","Percent Female!!Margin of Error!!Civilian employed population 16 years and over"
"S2401_C01_002E","Total!!Estimate!!Management, business, science, and arts occupations"
"S2401_C01_002M","Total!!Margin of Error!!Management, business, science, and arts occupations"
"S2401_C02_002E","Male!!Estimate!!Management, business, science, and arts occupations"
"S2401_C02_002M","Male!!Margin of Error!!Management, business, science, and arts occupations"
"S2401_C03_002E","Percent Male!!Estimate!!Management, business, science, and arts occupations"
"S2401_C03_002M","Percent Male!!Margin of Error!!Management, business, science, and arts occupations"
"S2401_C04_002E","Female!!Estimate!!Management, business, science, and arts occupations"
"S2401_C04_002M","Female!!Margin of Error!!Management, business, science, and arts occupations"
"S2401_C05_002E","Percent Female!!Estimate!!Management, business, science, and arts occupations"
"S2401_C05_002M","Percent Female!!Margin of Error!!Management, business, science, and arts occupations"
"S2401_C01_003E","Total!!Estimate!!Management, business, science, and arts occupations!!Management, business, and financial occupations"
"S2401_C01_003M","Total!!Margin of Error!!Management, business, science, and arts occupations!!Management, business, and financial occupations"
"S2401_C02_003E","Male!!Estimate!!Management, business, science, and arts occupations!!Management, business, and financial occupations"
"S2401_C02_003M","Male!!Margin of Error!!Management, business, science, and arts occupations!!Management, business, and financial occupations"
"S2401_C03_003E","Percent Male!!Estimate!!Management, business, science, and arts occupations!!Management, business, and financial occupations"
"S2401_C03_003M","Percent Male!!Margin of Error!!Management, business, science, and arts occupations!!Management, business, and financial occupations"
"S2401_C04_003E","Female!!Estimate!!Management, business, science, and arts occupations!!Management, business, and financial occupations"
"S2401_C04_003M","Female!!Margin of Error!!Management, business, science, and arts occupations!!Management, business, and financial occupations"
"S2401_C05_003E","Percent Female!!Estimate!!Management, business, science, and arts occupations!!Management, business, and financial occupations"
"S2401_C05_003M","Percent Female!!Margin of Error!!Management, business, science, and arts occupations!!Management, business, and financial occupations"
"S2401_C01_004E","Total!!Estimate!!Management, business, science, and arts occupations!!Management, business, and financial occupations!!Management occupations"
"S2401_C01_004M","Total!!Margin of Error!!Management, business, science, and arts occupations!!Management, business, and financial occupations!!Management occupations"
"S2401_C02_004E","Male!!Estimate!!Management, business, science, and arts occupations!!Management, business, and financial occupations!!Management occupations"
"S2401_C02_004M","Male!!Margin of Error!!Management, business, science, and arts occupations!!Management, business, and financial occupations!!Management occupations"
"S2401_C03_004E","Percent Male!!Estimate!!Management, business, science, and arts occupations!!Management, business, and financial occupations!!Management occupations"
"S2401_C03_004M","Percent Male!!Margin of Error!!Management, business, science, and arts occupations!!Management, business, and financial occupations!!Management occupations"
"S2401_C04_004E","Female!!Estimate!!Management, business, science, and arts occupations!!Management, business, and financial occupations!!Management occupations"
"S2401_C04_004M","Female!!Margin of Error!!Management, business, science, and arts occupations!!Management, business, and financial occupations!!Management occupations"
"S2401_C05_004E","Percent Female!!Estimate!!Management, business, science, and arts occupations!!Management, business, and financial occupations!!Management occupations"
"S2401_C05_004M","Percent Female!!Margin of Error!!Management, business, science, and arts occupations!!Management, business, and financial occupations!!Management occupations"
"S2401_C01_005E","Total!!Estimate!!Management, business, science, and arts occupations!!Management, business, and financial occupations!!Business and financial operations occupations"
"S2401_C01_005M","Total!!Margin of Error!!Management, business, science, and arts occupations!!Management, business, and financial occupations!!Business and financial operations occupations"
"S2401_C02_005E","Male!!Estimate!!Management, business, science, and arts occupations!!Management, business, and financial occupations!!Business and financial operations occupations"
"S2401_C02_005M","Male!!Margin of Error!!Management, business, science, and arts occupations!!Management, business, and financial occupations!!Business and financial operations occupations"
"S2401_C03_005E","Percent Male!!Estimate!!Management, business, science, and arts occupations!!Management, business, and financial occupations!!Business and financial operations occupations"
"S2401_C03_005M","Percent Male!!Margin of Error!!Management, business, science, and arts occupations!!Management, business, and financial occupations!!Business and financial operations occupations"
"S2401_C04_005E","Female!!Estimate!!Management, business, science, and arts occupations!!Management, business, and financial occupations!!Business and financial operations occupations"
"S2401_C04_005M","Female!!Margin of Error!!Management, business, science, and arts occupations!!Management, business, and financial occupations!!Business and financial operations occupations"
"S2401_C05_005E","Percent Female!!Estimate!!Management, business, science, and arts occupations!!Management, business, and financial occupations!!Business and financial operations occupations"
"S2401_C05_005M","Percent Female!!Margin of Error!!Management, business, science, and arts occupations!!Management, business, and financial occupations!!Business and financial operations occupations"
"S2401_C01_006E","Total!!Estimate!!Management, business, science, and arts occupations!!Computer, engineering, and science occupations"
"S2401_C01_006M","Total!!Margin of Error!!Management, business, science, and arts occupations!!Computer, engineering, and science occupations"
"S2401_C02_006E","Male!!Estimate!!Management, business, science, and arts occupations!!Computer, engineering, and science occupations"
"S2401_C02_006M","Male!!Margin of Error!!Management, business, science, and arts occupations!!Computer, engineering, and science occupations"
"S2401_C03_006E","Percent Male!!Estimate!!Management, business, science, and arts occupations!!Computer, engineering, and science occupations"
"S2401_C03_006M","Percent Male!!Margin of Error!!Management, business, science, and arts occupations!!Computer, engineering, and science occupations"
"S2401_C04_006E","Female!!Estimate!!Management, business, science, and arts occupations!!Computer, engineering, and science occupations"
"S2401_C04_006M","Female!!Margin of Error!!Management, business, science, and arts occupations!!Computer, engineering, and science occupations"
"S2401_C05_006E","Percent Female!!Estimate!!Management, business, science, and arts occupations!!Computer, engineering, and science occupations"
"S2401_C05_006M","Percent Female!!Margin of Error!!Management, business, science, and arts occupations!!Computer, engineering, and science occupations"
"S2401_C01_007E","Total!!Estimate!!Management, business, science, and arts occupations!!Computer, engineering, and science occupations!!Computer and mathematical occupations"
"S2401_C01_007M","Total!!Margin of Error!!Management, business, science, and arts occupations!!Computer, engineering, and science occupations!!Computer and mathematical occupations"
"S2401_C02_007E","Male!!Estimate!!Management, business, science, and arts occupations!!Computer, engineering, and science occupations!!Computer and mathematical occupations"
"S2401_C02_007M","Male!!Margin of Error!!Management, business, science, and arts occupations!!Computer, engineering, and science occupations!!Computer and mathematical occupations"
"S2401_C03_007E","Percent Male!!Estimate!!Management, business, science, and arts occupations!!Computer, engineering, and science occupations!!Computer and mathematical occupations"
"S2401_C03_007M","Percent Male!!Margin of Error!!Management, business, science, and arts occupations!!Computer, engineering, and science occupations!!Computer and mathematical occupations"
"S2401_C04_007E","Female!!Estimate!!Management, business, science, and arts occupations!!Computer, engineering, and science occupations!!Computer and mathematical occupations"
"S2401_C04_007M","Female!!Margin of Error!!Management, business, science, and arts occupations!!Computer, engineering, and science occupations!!Computer and mathematical occupations"
"S2401_C05_007E","Percent Female!!Estimate!!Management, business, science, and arts occupations!!Computer, engineering, and science occupations!!Computer and mathematical occupations"
"S2401_C05_007M","Percent Female!!Margin of Error!!Management, business, science, and arts occupations!!Computer, engineering, and science occupations!!Computer and mathematical occupations"
"S2401_C01_008E","Total!!Estimate!!Management, business, science, and arts occupations!!Computer, engineering, and science occupations!!Architecture and engineering occupations"
"S2401_C01_008M","Total!!Margin of Error!!Management, business, science, and arts occupations!!Computer, engineering, and science occupations!!Architecture and engineering occupations"
"S2401_C02_008E","Male!!Estimate!!Management, business, science, and arts occupations!!Computer, engineering, and science occupations!!Architecture and engineering occupations"
"S2401_C02_008M","Male!!Margin of Error!!Management, business, science, and arts occupations!!Computer, engineering, and science occupations!!Architecture and engineering occupations"
"S2401_C03_008E","Percent Male!!Estimate!!Management, business, science, and arts occupations!!Computer, engineering, and science occupations!!Architecture and engineering occupations"
"S2401_C03_008M","Percent Male!!Margin of Error!!Management, business, science, and arts occupations!!Computer, engineering, and science occupations!!Architecture and engineering occupations"
"S2401_C04_008E","Female!!Estimate!!Management, business, science, and arts occupations!!Computer, engineering, and science occupations!!Architecture and engineering occupations"
"S2401_C04_008M","Female!!Margin of Error!!Management, business, science, and arts occupations!!Computer, engineering, and science occupations!!Architecture and engineering occupations"
"S2401_C05_008E","Percent Female!!Estimate!!Management, business, science, and arts occupations!!Computer, engineering, and science occupations!!Architecture and engineering occupations"
"S2401_C05_008M","Percent Female!!Margin of Error!!Management, business, science, and arts occupations!!Computer, engineering, and science occupations!!Architecture and engineering occupations"
"S2401_C01_009E","Total!!Estimate!!Management, business, science, and arts occupations!!Computer, engineering, and science occupations!!Life, physical, and social science occupations"
"S2401_C01_009M","Total!!Margin of Error!!Management, business, science, and arts occupations!!Computer, engineering, and science occupations!!Life, physical, and social science occupations"
"S2401_C02_009E","Male!!Estimate!!Management, business, science, and arts occupations!!Computer, engineering, and science occupations!!Life, physical, and social science occupations"
"S2401_C02_009M","Male!!Margin of Error!!Management, business, science, and arts occupations!!Computer, engineering, and science occupations!!Life, physical, and social science occupations"
"S2401_C03_009E","Percent Male!!Estimate!!Management, business, science, and arts occupations!!Computer, engineering, and science occupations!!Life, physical, and social science occupations"
"S2401_C03_009M","Percent Male!!Margin of Error!!Management, business, science, and arts occupations!!Computer, engineering, and science occupations!!Life, physical, and social science occupations"
"S2401_C04_009E","Female!!Estimate!!Management, business, science, and arts occupations!!Computer, engineering, and science occupations!!Life, physical, and social science occupations"
"S2401_C04_009M","Female!!Margin of Error!!Management, business, science, and arts occupations!!Computer, engineering, and science occupations!!Life, physical, and social science occupations"
"S2401_C05_009E","Percent Female!!Estimate!!Management, business, science, and arts occupations!!Computer, engineering, and science occupations!!Life, physical, and social science occupations"
"S2401_C05_009M","Percent Female!!Margin of Error!!Management, business, science, and arts occupations!!Computer, engineering, and science occupations!!Life, physical, and social science occupations"
"S2401_C01_010E","Total!!Estimate!!Management, business, science, and arts occupations!!Education, legal, community service, arts, and media occupations"
"S2401_C01_010M","Total!!Margin of Error!!Management, business, science, and arts occupations!!Education, legal, community service, arts, and media occupations"
"S2401_C02_010E","Male!!Estimate!!Management, business, science, and arts occupations!!Education, legal, community service, arts, and media occupations"
"S2401_C02_010M","Male!!Margin of Error!!Management, business, science, and arts occupations!!Education, legal, community service, arts, and media occupations"
"S2401_C03_010E","Percent Male!!Estimate!!Management, business, science, and arts occupations!!Education, legal, community service, arts, and media occupations"
"S2401_C03_010M","Percent Male!!Margin of Error!!Management, business, science, and arts occupations!!Education, legal, community service, arts, and media occupations"
"S2401_C04_010E","Female!!Estimate!!Management, business, science, and arts occupations!!Education, legal, community service, arts, and media occupations"
"S2401_C04_010M","Female!!Margin of Error!!Management, business, science, and arts occupations!!Education, legal, community service, arts, and media occupations"
"S2401_C05_010E","Percent Female!!Estimate!!Management, business, science, and arts occupations!!Education, legal, community service, arts, and media occupations"
"S2401_C05_010M","Percent Female!!Margin of Error!!Management, business, science, and arts occupations!!Education, legal, community service, arts, and media occupations"
"S2401_C01_011E","Total!!Estimate!!Management, business, science, and arts occupations!!Education, legal, community service, arts, and media occupations!!Community and social services occupations"
"S2401_C01_011M","Total!!Margin of Error!!Management, business, science, and arts occupations!!Education, legal, community service, arts, and media occupations!!Community and social services occupations"
"S2401_C02_011E","Male!!Estimate!!Management, business, science, and arts occupations!!Education, legal, community service, arts, and media occupations!!Community and social services occupations"
"S2401_C02_011M","Male!!Margin of Error!!Management, business, science, and arts occupations!!Education, legal, community service, arts, and media occupations!!Community and social services occupations"
"S2401_C03_011E","Percent Male!!Estimate!!Management, business, science, and arts occupations!!Education, legal, community service, arts, and media occupations!!Community and social services occupations"
"S2401_C03_011M","Percent Male!!Margin of Error!!Management, business, science, and arts occupations!!Education, legal, community service, arts, and media occupations!!Community and social services occupations"
"S2401_C04_011E","Female!!Estimate!!Management, business, science, and arts occupations!!Education, legal, community service, arts, and media occupations!!Community and social services occupations"
"S2401_C04_011M","Female!!Margin of Error!!Management, business, science, and arts occupations!!Education, legal, community service, arts, and media occupations!!Community and social services occupations"
"S2401_C05_011E","Percent Female!!Estimate!!Management, business, science, and arts occupations!!Education, legal, community service, arts, and media occupations!!Community and social services occupations"
"S2401_C05_011M","Percent Female!!Margin of Error!!Management, business, science, and arts occupations!!Education, legal, community service, arts, and media occupations!!Community and social services occupations"
"S2401_C01_012E","Total!!Estimate!!Management, business, science, and arts occupations!!Education, legal, community service, arts, and media occupations!!Legal occupations"
"S2401_C01_012M","Total!!Margin of Error!!Management, business, science, and arts occupations!!Education, legal, community service, arts, and media occupations!!Legal occupations"
"S2401_C02_012E","Male!!Estimate!!Management, business, science, and arts occupations!!Education, legal, community service, arts, and media occupations!!Legal occupations"
"S2401_C02_012M","Male!!Margin of Error!!Management, business, science, and arts occupations!!Education, legal, community service, arts, and media occupations!!Legal occupations"
"S2401_C03_012E","Percent Male!!Estimate!!Management, business, science, and arts occupations!!Education, legal, community service, arts, and media occupations!!Legal occupations"
"S2401_C03_012M","Percent Male!!Margin of Error!!Management, business, science, and arts occupations!!Education, legal, community service, arts, and media occupations!!Legal occupations"
"S2401_C04_012E","Female!!Estimate!!Management, business, science, and arts occupations!!Education, legal, community service, arts, and media occupations!!Legal occupations"
"S2401_C04_012M","Female!!Margin of Error!!Management, business, science, and arts occupations!!Education, legal, community service, arts, and media occupations!!Legal occupations"
"S2401_C05_012E","Percent Female!!Estimate!!Management, business, science, and arts occupations!!Education, legal, community service, arts, and media occupations!!Legal occupations"
"S2401_C05_012M","Percent Female!!Margin of Error!!Management, business, science, and arts occupations!!Education, legal, community service, arts, and media occupations!!Legal occupations"
"S2401_C01_013E","Total!!Estimate!!Management, business, science, and arts occupations!!Education, legal, community service, arts, and media occupations!!Education, training, and library occupations"
"S2401_C01_013M","Total!!Margin of Error!!Management, business, science, and arts occupations!!Education, legal, community service, arts, and media occupations!!Education, training, and library occupations"
"S2401_C02_013E","Male!!Estimate!!Management, business, science, and arts occupations!!Education, legal, community service, arts, and media occupations!!Education, training, and library occupations"
"S2401_C02_013M","Male!!Margin of Error!!Management, business, science, and arts occupations!!Education, legal, community service, arts, and media occupations!!Education, training, and library occupations"
"S2401_C03_013E","Percent Male!!Estimate!!Management, business, science, and arts occupations!!Education, legal, community service, arts, and media occupations!!Education, training, and library occupations"
"S2401_C03_013M","Percent Male!!Margin of Error!!Management, business, science, and arts occupations!!Education, legal, community service, arts, and media occupations!!Education, training, and library occupations"
"S2401_C04_013E","Female!!Estimate!!Management, business, science, and arts occupations!!Education, legal, community service, arts, and media occupations!!Education, training, and library occupations"
"S2401_C04_013M","Female!!Margin of Error!!Management, business, science, and arts occupations!!Education, legal, community service, arts, and media occupations!!Education, training, and library occupations"
"S2401_C05_013E","Percent Female!!Estimate!!Management, business, science, and arts occupations!!Education, legal, community service, arts, and media occupations!!Education, training, and library occupations"
"S2401_C05_013M","Percent Female!!Margin of Error!!Management, business, science, and arts occupations!!Education, legal, community service, arts, and media occupations!!Education, training, and library occupations"
"S2401_C01_014E","Total!!Estimate!!Management, business, science, and arts occupations!!Education, legal, community service, arts, and media occupations!!Arts, design, entertainment, sports, and media occupations"
"S2401_C01_014M","Total!!Margin of Error!!Management, business, science, and arts occupations!!Education, legal, community service, arts, and media occupations!!Arts, design, entertainment, sports, and media occupations"
"S2401_C02_014E","Male!!Estimate!!Management, business, science, and arts occupations!!Education, legal, community service, arts, and media occupations!!Arts, design, entertainment, sports, and media occupations"
"S2401_C02_014M","Male!!Margin of Error!!Management, business, science, and arts occupations!!Education, legal, community service, arts, and media occupations!!Arts, design, entertainment, sports, and media occupations"
"S2401_C03_014E","Percent Male!!Estimate!!Management, business, science, and arts occupations!!Education, legal, community service, arts, and media occupations!!Arts, design, entertainment, sports, and media occupations"
"S2401_C03_014M","Percent Male!!Margin of Error!!Management, business, science, and arts occupations!!Education, legal, community service, arts, and media occupations!!Arts, design, entertainment, sports, and media occupations"
"S2401_C04_014E","Female!!Estimate!!Management, business, science, and arts occupations!!Education, legal, community service, arts, and media occupations!!Arts, design, entertainment, sports, and media occupations"
"S2401_C04_014M","Female!!Margin of Error!!Management, business, science, and arts occupations!!Education, legal, community service, arts, and media occupations!!Arts, design, entertainment, sports, and media occupations"
"S2401_C05_014E","Percent Female!!Estimate!!Management, business, science, and arts occupations!!Education, legal, community service, arts, and media occupations!!Arts, design, entertainment, sports, and media occupations"
"S2401_C05_014M","Percent Female!!Margin of Error!!Management, business, science, and arts occupations!!Education, legal, community service, arts, and media occupations!!Arts, design, entertainment, sports, and media occupations"
"S2401_C01_015E","Total!!Estimate!!Management, business, science, and arts occupations!!Healthcare practitioner and technical occupations"
"S2401_C01_015M","Total!!Margin of Error!!Management, business, science, and arts occupations!!Healthcare practitioner and technical occupations"
"S2401_C02_015E","Male!!Estimate!!Management, business, science, and arts occupations!!Healthcare practitioner and technical occupations"
"S2401_C02_015M","Male!!Margin of Error!!Management, business, science, and arts occupations!!Healthcare practitioner and technical occupations"
"S2401_C03_015E","Percent Male!!Estimate!!Management, business, science, and arts occupations!!Healthcare practitioner and technical occupations"
"S2401_C03_015M","Percent Male!!Margin of Error!!Management, business, science, and arts occupations!!Healthcare practitioner and technical occupations"
"S2401_C04_015E","Female!!Estimate!!Management, business, science, and arts occupations!!Healthcare practitioner and technical occupations"
"S2401_C04_015M","Female!!Margin of Error!!Management, business, science, and arts occupations!!Healthcare practitioner and technical occupations"
"S2401_C05_015E","Percent Female!!Estimate!!Management, business, science, and arts occupations!!Healthcare practitioner and technical occupations"
"S2401_C05_015M","Percent Female!!Margin of Error!!Management, business, science, and arts occupations!!Healthcare practitioner and technical occupations"
"S2401_C01_016E","Total!!Estimate!!Management, business, science, and arts occupations!!Healthcare practitioner and technical occupations!!Health diagnosing and treating practitioners and other technical occupations"
"S2401_C01_016M","Total!!Margin of Error!!Management, business, science, and arts occupations!!Healthcare practitioner and technical occupations!!Health diagnosing and treating practitioners and other technical occupations"
"S2401_C02_016E","Male!!Estimate!!Management, business, science, and arts occupations!!Healthcare practitioner and technical occupations!!Health diagnosing and treating practitioners and other technical occupations"
"S2401_C02_016M","Male!!Margin of Error!!Management, business, science, and arts occupations!!Healthcare practitioner and technical occupations!!Health diagnosing and treating practitioners and other technical occupations"
"S2401_C03_016E","Percent Male!!Estimate!!Management, business, science, and arts occupations!!Healthcare practitioner and technical occupations!!Health diagnosing and treating practitioners and other technical occupations"
"S2401_C03_016M","Percent Male!!Margin of Error!!Management, business, science, and arts occupations!!Healthcare practitioner and technical occupations!!Health diagnosing and treating practitioners and other technical occupations"
"S2401_C04_016E","Female!!Estimate!!Management, business, science, and arts occupations!!Healthcare practitioner and technical occupations!!Health diagnosing and treating practitioners and other technical occupations"
"S2401_C04_016M","Female!!Margin of Error!!Management, business, science, and arts occupations!!Healthcare practitioner and technical occupations!!Health diagnosing and treating practitioners and other technical occupations"
"S2401_C05_016E","Percent Female!!Estimate!!Management, business, science, and arts occupations!!Healthcare practitioner and technical occupations!!Health diagnosing and treating practitioners and other technical occupations"
"S2401_C05_016M","Percent Female!!Margin of Error!!Management, business, science, and arts occupations!!Healthcare practitioner and technical occupations!!Health diagnosing and treating practitioners and other technical occupations"
"S2401_C01_017E","Total!!Estimate!!Management, business, science, and arts occupations!!Healthcare practitioner and technical occupations!!Health technologists and technicians"
"S2401_C01_017M","Total!!Margin of Error!!Management, business, science, and arts occupations!!Healthcare practitioner and technical occupations!!Health technologists and technicians"
"S2401_C02_017E","Male!!Estimate!!Management, business, science, and arts occupations!!Healthcare practitioner and technical occupations!!Health technologists and technicians"
"S2401_C02_017M","Male!!Margin of Error!!Management, business, science, and arts occupations!!Healthcare practitioner and technical occupations!!Health technologists and technicians"
"S2401_C03_017E","Percent Male!!Estimate!!Management, business, science, and arts occupations!!Healthcare practitioner and technical occupations!!Health technologists and technicians"
"S2401_C03_017M","Percent Male!!Margin of Error!!Management, business, science, and arts occupations!!Healthcare practitioner and technical occupations!!Health technologists and technicians"
"S2401_C04_017E","Female!!Estimate!!Management, business, science, and arts occupations!!Healthcare practitioner and technical occupations!!Health technologists and technicians"
"S2401_C04_017M","Female!!Margin of Error!!Management, business, science, and arts occupations!!Healthcare practitioner and technical occupations!!Health technologists and technicians"
"S2401_C05_017E","Percent Female!!Estimate!!Management, business, science, and arts occupations!!Healthcare practitioner and technical occupations!!Health technologists and technicians"
"S2401_C05_017M","Percent Female!!Margin of Error!!Management, business, science, and arts occupations!!Healthcare practitioner and technical occupations!!Health technologists and technicians"
"S2401_C01_018E","Total!!Estimate!!Service occupations"
"S2401_C01_018M","Total!!Margin of Error!!Service occupations"
"S2401_C02_018E","Male!!Estimate!!Service occupations"
"S2401_C02_018M","Male!!Margin of Error!!Service occupations"
"S2401_C03_018E","Percent Male!!Estimate!!Service occupations"
"S2401_C03_018M","Percent Male!!Margin of Error!!Service occupations"
"S2401_C04_018E","Female!!Estimate!!Service occupations"
"S2401_C04_018M","Female!!Margin of Error!!Service occupations"
"S2401_C05_018E","Percent Female!!Estimate!!Service occupations"
"S2401_C05_018M","Percent Female!!Margin of Error!!Service occupations"
"S2401_C01_019E","Total!!Estimate!!Service occupations!!Healthcare support occupations"
"S2401_C01_019M","Total!!Margin of Error!!Service occupations!!Healthcare support occupations"
"S2401_C02_019E","Male!!Estimate!!Service occupations!!Healthcare support occupations"
"S2401_C02_019M","Male!!Margin of Error!!Service occupations!!Healthcare support occupations"
"S2401_C03_019E","Percent Male!!Estimate!!Service occupations!!Healthcare support occupations"
"S2401_C03_019M","Percent Male!!Margin of Error!!Service occupations!!Healthcare support occupations"
"S2401_C04_019E","Female!!Estimate!!Service occupations!!Healthcare support occupations"
"S2401_C04_019M","Female!!Margin of Error!!Service occupations!!Healthcare support occupations"
"S2401_C05_019E","Percent Female!!Estimate!!Service occupations!!Healthcare support occupations"
"S2401_C05_019M","Percent Female!!Margin of Error!!Service occupations!!Healthcare support occupations"
"S2401_C01_020E","Total!!Estimate!!Service occupations!!Protective service occupations"
"S2401_C01_020M","Total!!Margin of Error!!Service occupations!!Protective service occupations"
"S2401_C02_020E","Male!!Estimate!!Service occupations!!Protective service occupations"
"S2401_C02_020M","Male!!Margin of Error!!Service occupations!!Protective service occupations"
"S2401_C03_020E","Percent Male!!Estimate!!Service occupations!!Protective service occupations"
"S2401_C03_020M","Percent Male!!Margin of Error!!Service occupations!!Protective service occupations"
"S2401_C04_020E","Female!!Estimate!!Service occupations!!Protective service occupations"
"S2401_C04_020M","Female!!Margin of Error!!Service occupations!!Protective service occupations"
"S2401_C05_020E","Percent Female!!Estimate!!Service occupations!!Protective service occupations"
"S2401_C05_020M","Percent Female!!Margin of Error!!Service occupations!!Protective service occupations"
"S2401_C01_021E","Total!!Estimate!!Service occupations!!Protective service occupations!!Fire fighting and prevention, and other protective service workers including supervisors"
"S2401_C01_021M","Total!!Margin of Error!!Service occupations!!Protective service occupations!!Fire fighting and prevention, and other protective service workers including supervisors"
"S2401_C02_021E","Male!!Estimate!!Service occupations!!Protective service occupations!!Fire fighting and prevention, and other protective service workers including supervisors"
"S2401_C02_021M","Male!!Margin of Error!!Service occupations!!Protective service occupations!!Fire fighting and prevention, and other protective service workers including supervisors"
"S2401_C03_021E","Percent Male!!Estimate!!Service occupations!!Protective service occupations!!Fire fighting and prevention, and other protective service workers including supervisors"
"S2401_C03_021M","Percent Male!!Margin of Error!!Service occupations!!Protective service occupations!!Fire fighting and prevention, and other protective service workers including supervisors"
"S2401_C04_021E","Female!!Estimate!!Service occupations!!Protective service occupations!!Fire fighting and prevention, and other protective service workers including supervisors"
"S2401_C04_021M","Female!!Margin of Error!!Service occupations!!Protective service occupations!!Fire fighting and prevention, and other protective service workers including supervisors"
"S2401_C05_021E","Percent Female!!Estimate!!Service occupations!!Protective service occupations!!Fire fighting and prevention, and other protective service workers including supervisors"
"S2401_C05_021M","Percent Female!!Margin of Error!!Service occupations!!Protective service occupations!!Fire fighting and prevention, and other protective service workers including supervisors"
"S2401_C01_022E","Total!!Estimate!!Service occupations!!Protective service occupations!!Law enforcement workers including supervisors"
"S2401_C01_022M","Total!!Margin of Error!!Service occupations!!Protective service occupations!!Law enforcement workers including supervisors"
"S2401_C02_022E","Male!!Estimate!!Service occupations!!Protective service occupations!!Law enforcement workers including supervisors"
"S2401_C02_022M","Male!!Margin of Error!!Service occupations!!Protective service occupations!!Law enforcement workers including supervisors"
"S2401_C03_022E","Percent Male!!Estimate!!Service occupations!!Protective service occupations!!Law enforcement workers including supervisors"
"S2401_C03_022M","Percent Male!!Margin of Error!!Service occupations!!Protective service occupations!!Law enforcement workers including supervisors"
"S2401_C04_022E","Female!!Estimate!!Service occupations!!Protective service occupations!!Law enforcement workers including supervisors"
"S2401_C04_022M","Female!!Margin of Error!!Service occupations!!Protective service occupations!!Law enforcement workers including supervisors"
"S2401_C05_022E","Percent Female!!Estimate!!Service occupations!!Protective service occupations!!Law enforcement workers including supervisors"
"S2401_C05_022M","Percent Female!!Margin of Error!!Service occupations!!Protective service occupations!!Law enforcement workers including supervisors"
"S2401_C01_023E","Total!!Estimate!!Service occupations!!Food preparation and serving related occupations"
"S2401_C01_023M","Total!!Margin of Error!!Service occupations!!Food preparation and serving related occupations"
"S2401_C02_023E","Male!!Estimate!!Service occupations!!Food preparation and serving related occupations"
"S2401_C02_023M","Male!!Margin of Error!!Service occupations!!Food preparation and serving related occupations"
"S2401_C03_023E","Percent Male!!Estimate!!Service occupations!!Food preparation and serving related occupations"
"S2401_C03_023M","Percent Male!!Margin of Error!!Service occupations!!Food preparation and serving related occupations"
"S2401_C04_023E","Female!!Estimate!!Service occupations!!Food preparation and serving related occupations"
"S2401_C04_023M","Female!!Margin of Error!!Service occupations!!Food preparation and serving related occupations"
"S2401_C05_023E","Percent Female!!Estimate!!Service occupations!!Food preparation and serving related occupations"
"S2401_C05_023M","Percent Female!!Margin of Error!!Service occupations!!Food preparation and serving related occupations"
"S2401_C01_024E","Total!!Estimate!!Service occupations!!Building and grounds cleaning and maintenance occupations"
"S2401_C01_024M","Total!!Margin of Error!!Service occupations!!Building and grounds cleaning and maintenance occupations"
"S2401_C02_024E","Male!!Estimate!!Service occupations!!Building and grounds cleaning and maintenance occupations"
"S2401_C02_024M","Male!!Margin of Error!!Service occupations!!Building and grounds cleaning and maintenance occupations"
"S2401_C03_024E","Percent Male!!Estimate!!Service occupations!!Building and grounds cleaning and maintenance occupations"
"S2401_C03_024M","Percent Male!!Margin of Error!!Service occupations!!Building and grounds cleaning and maintenance occupations"
"S2401_C04_024E","Female!!Estimate!!Service occupations!!Building and grounds cleaning and maintenance occupations"
"S2401_C04_024M","Female!!Margin of Error!!Service occupations!!Building and grounds cleaning and maintenance occupations"
"S2401_C05_024E","Percent Female!!Estimate!!Service occupations!!Building and grounds cleaning and maintenance occupations"
"S2401_C05_024M","Percent Female!!Margin of Error!!Service occupations!!Building and grounds cleaning and maintenance occupations"
"S2401_C01_025E","Total!!Estimate!!Service occupations!!Personal care and service occupations"
"S2401_C01_025M","Total!!Margin of Error!!Service occupations!!Personal care and service occupations"
"S2401_C02_025E","Male!!Estimate!!Service occupations!!Personal care and service occupations"
"S2401_C02_025M","Male!!Margin of Error!!Service occupations!!Personal care and service occupations"
"S2401_C03_025E","Percent Male!!Estimate!!Service occupations!!Personal care and service occupations"
"S2401_C03_025M","Percent Male!!Margin of Error!!Service occupations!!Personal care and service occupations"
"S2401_C04_025E","Female!!Estimate!!Service occupations!!Personal care and service occupations"
"S2401_C04_025M","Female!!Margin of Error!!Service occupations!!Personal care and service occupations"
"S2401_C05_025E","Percent Female!!Estimate!!Service occupations!!Personal care and service occupations"
"S2401_C05_025M","Percent Female!!Margin of Error!!Service occupations!!Personal care and service occupations"
"S2401_C01_026E","Total!!Estimate!!Sales and office occupations"
"S2401_C01_026M","Total!!Margin of Error!!Sales and office occupations"
"S2401_C02_026E","Male!!Estimate!!Sales and office occupations"
"S2401_C02_026M","Male!!Margin of Error!!Sales and office occupations"
"S2401_C03_026E","Percent Male!!Estimate!!Sales and office occupations"
"S2401_C03_026M","Percent Male!!Margin of Error!!Sales and office occupations"
"S2401_C04_026E","Female!!Estimate!!Sales and office occupations"
"S2401_C04_026M","Female!!Margin of Error!!Sales and office occupations"
"S2401_C05_026E","Percent Female!!Estimate!!Sales and office occupations"
"S2401_C05_026M","Percent Female!!Margin of Error!!Sales and office occupations"
"S2401_C01_027E","Total!!Estimate!!Sales and office occupations!!Sales and related occupations"
"S2401_C01_027M","Total!!Margin of Error!!Sales and office occupations!!Sales and related occupations"
"S2401_C02_027E","Male!!Estimate!!Sales and office occupations!!Sales and related occupations"
"S2401_C02_027M","Male!!Margin of Error!!Sales and office occupations!!Sales and related occupations"
"S2401_C03_027E","Percent Male!!Estimate!!Sales and office occupations!!Sales and related occupations"
"S2401_C03_027M","Percent Male!!Margin of Error!!Sales and office occupations!!Sales and related occupations"
"S2401_C04_027E","Female!!Estimate!!Sales and office occupations!!Sales and related occupations"
"S2401_C04_027M","Female!!Margin of Error!!Sales and office occupations!!Sales and related occupations"
"S2401_C05_027E","Percent Female!!Estimate!!Sales and office occupations!!Sales and related occupations"
"S2401_C05_027M","Percent Female!!Margin of Error!!Sales and office occupations!!Sales and related occupations"
"S2401_C01_028E","Total!!Estimate!!Sales and office occupations!!Office and administrative support occupations"
"S2401_C01_028M","Total!!Margin of Error!!Sales and office occupations!!Office and administrative support occupations"
"S2401_C02_028E","Male!!Estimate!!Sales and office occupations!!Office and administrative support occupations"
"S2401_C02_028M","Male!!Margin of Error!!Sales and office occupations!!Office and administrative support occupations"
"S2401_C03_028E","Percent Male!!Estimate!!Sales and office occupations!!Office and administrative support occupations"
"S2401_C03_028M","Percent Male!!Margin of Error!!Sales and office occupations!!Office and administrative support occupations"
"S2401_C04_028E","Female!!Estimate!!Sales and office occupations!!Office and administrative support occupations"
"S2401_C04_028M","Female!!Margin of Error!!Sales and office occupations!!Office and administrative support occupations"
"S2401_C05_028E","Percent Female!!Estimate!!Sales and office occupations!!Office and administrative support occupations"
"S2401_C05_028M","Percent Female!!Margin of Error!!Sales and office occupations!!Office and administrative support occupations"
"S2401_C01_029E","Total!!Estimate!!Natural resources, construction, and maintenance occupations"
"S2401_C01_029M","Total!!Margin of Error!!Natural resources, construction, and maintenance occupations"
"S2401_C02_029E","Male!!Estimate!!Natural resources, construction, and maintenance occupations"
"S2401_C02_029M","Male!!Margin of Error!!Natural resources, construction, and maintenance occupations"
"S2401_C03_029E","Percent Male!!Estimate!!Natural resources, construction, and maintenance occupations"
"S2401_C03_029M","Percent Male!!Margin of Error!!Natural resources, construction, and maintenance occupations"
"S2401_C04_029E","Female!!Estimate!!Natural resources, construction, and maintenance occupations"
"S2401_C04_029M","Female!!Margin of Error!!Natural resources, construction, and maintenance occupations"
"S2401_C05_029E","Percent Female!!Estimate!!Natural resources, construction, and maintenance occupations"
"S2401_C05_029M","Percent Female!!Margin of Error!!Natural resources, construction, and maintenance occupations"
"S2401_C01_030E","Total!!Estimate!!Natural resources, construction, and maintenance occupations!!Farming, fishing, and forestry occupations"
"S2401_C01_030M","Total!!Margin of Error!!Natural resources, construction, and maintenance occupations!!Farming, fishing, and forestry occupations"
"S2401_C02_030E","Male!!Estimate!!Natural resources, construction, and maintenance occupations!!Farming, fishing, and forestry occupations"
"S2401_C02_030M","Male!!Margin of Error!!Natural resources, construction, and maintenance occupations!!Farming, fishing, and forestry occupations"
"S2401_C03_030E","Percent Male!!Estimate!!Natural resources, construction, and maintenance occupations!!Farming, fishing, and forestry occupations"
"S2401_C03_030M","Percent Male!!Margin of Error!!Natural resources, construction, and maintenance occupations!!Farming, fishing, and forestry occupations"
"S2401_C04_030E","Female!!Estimate!!Natural resources, construction, and maintenance occupations!!Farming, fishing, and forestry occupations"
"S2401_C04_030M","Female!!Margin of Error!!Natural resources, construction, and maintenance occupations!!Farming, fishing, and forestry occupations"
"S2401_C05_030E","Percent Female!!Estimate!!Natural resources, construction, and maintenance occupations!!Farming, fishing, and forestry occupations"
"S2401_C05_030M","Percent Female!!Margin of Error!!Natural resources, construction, and maintenance occupations!!Farming, fishing, and forestry occupations"
"S2401_C01_031E","Total!!Estimate!!Natural resources, construction, and maintenance occupations!!Construction and extraction occupations"
"S2401_C01_031M","Total!!Margin of Error!!Natural resources, construction, and maintenance occupations!!Construction and extraction occupations"
"S2401_C02_031E","Male!!Estimate!!Natural resources, construction, and maintenance occupations!!Construction and extraction occupations"
"S2401_C02_031M","Male!!Margin of Error!!Natural resources, construction, and maintenance occupations!!Construction and extraction occupations"
"S2401_C03_031E","Percent Male!!Estimate!!Natural resources, construction, and maintenance occupations!!Construction and extraction occupations"
"S2401_C03_031M","Percent Male!!Margin of Error!!Natural resources, construction, and maintenance occupations!!Construction and extraction occupations"
"S2401_C04_031E","Female!!Estimate!!Natural resources, construction, and maintenance occupations!!Construction and extraction occupations"
"S2401_C04_031M","Female!!Margin of Error!!Natural resources, construction, and maintenance occupations!!Construction and extraction occupations"
"S2401_C05_031E","Percent Female!!Estimate!!Natural resources, construction, and maintenance occupations!!Construction and extraction occupations"
"S2401_C05_031M","Percent Female!!Margin of Error!!Natural resources, construction, and maintenance occupations!!Construction and extraction occupations"
"S2401_C01_032E","Total!!Estimate!!Natural resources, construction, and maintenance occupations!!Installation, maintenance, and repair occupations"
"S2401_C01_032M","Total!!Margin of Error!!Natural resources, construction, and maintenance occupations!!Installation, maintenance, and repair occupations"
"S2401_C02_032E","Male!!Estimate!!Natural resources, construction, and maintenance occupations!!Installation, maintenance, and repair occupations"
"S2401_C02_032M","Male!!Margin of Error!!Natural resources, construction, and maintenance occupations!!Installation, maintenance, and repair occupations"
"S2401_C03_032E","Percent Male!!Estimate!!Natural resources, construction, and maintenance occupations!!Installation, maintenance, and repair occupations"
"S2401_C03_032M","Percent Male!!Margin of Error!!Natural resources, construction, and maintenance occupations!!Installation, maintenance, and repair occupations"
"S2401_C04_032E","Female!!Estimate!!Natural resources, construction, and maintenance occupations!!Installation, maintenance, and repair occupations"
"S2401_C04_032M","Female!!Margin of Error!!Natural resources, construction, and maintenance occupations!!Installation, maintenance, and repair occupations"
"S2401_C05_032E","Percent Female!!Estimate!!Natural resources, construction, and maintenance occupations!!Installation, maintenance, and repair occupations"
"S2401_C05_032M","Percent Female!!Margin of Error!!Natural resources, construction, and maintenance occupations!!Installation, maintenance, and repair occupations"
"S2401_C01_033E","Total!!Estimate!!Production, transportation, and material moving occupations"
"S2401_C01_033M","Total!!Margin of Error!!Production, transportation, and material moving occupations"
"S2401_C02_033E","Male!!Estimate!!Production, transportation, and material moving occupations"
"S2401_C02_033M","Male!!Margin of Error!!Production, transportation, and material moving occupations"
"S2401_C03_033E","Percent Male!!Estimate!!Production, transportation, and material moving occupations"
"S2401_C03_033M","Percent Male!!Margin of Error!!Production, transportation, and material moving occupations"
"S2401_C04_033E","Female!!Estimate!!Production, transportation, and material moving occupations"
"S2401_C04_033M","Female!!Margin of Error!!Production, transportation, and material moving occupations"
"S2401_C05_033E","Percent Female!!Estimate!!Production, transportation, and material moving occupations"
"S2401_C05_033M","Percent Female!!Margin of Error!!Production, transportation, and material moving occupations"
"S2401_C01_034E","Total!!Estimate!!Production, transportation, and material moving occupations!!Production occupations"
"S2401_C01_034M","Total!!Margin of Error!!Production, transportation, and material moving occupations!!Production occupations"
"S2401_C02_034E","Male!!Estimate!!Production, transportation, and material moving occupations!!Production occupations"
"S2401_C02_034M","Male!!Margin of Error!!Production, transportation, and material moving occupations!!Production occupations"
"S2401_C03_034E","Percent Male!!Estimate!!Production, transportation, and material moving occupations!!Production occupations"
"S2401_C03_034M","Percent Male!!Margin of Error!!Production, transportation, and material moving occupations!!Production occupations"
"S2401_C04_034E","Female!!Estimate!!Production, transportation, and material moving occupations!!Production occupations"
"S2401_C04_034M","Female!!Margin of Error!!Production, transportation, and material moving occupations!!Production occupations"
"S2401_C05_034E","Percent Female!!Estimate!!Production, transportation, and material moving occupations!!Production occupations"
"S2401_C05_034M","Percent Female!!Margin of Error!!Production, transportation, and material moving occupations!!Production occupations"
"S2401_C01_035E","Total!!Estimate!!Production, transportation, and material moving occupations!!Transportation occupations"
"S2401_C01_035M","Total!!Margin of Error!!Production, transportation, and material moving occupations!!Transportation occupations"
"S2401_C02_035E","Male!!Estimate!!Production, transportation, and material moving occupations!!Transportation occupations"
"S2401_C02_035M","Male!!Margin of Error!!Production, transportation, and material moving occupations!!Transportation occupations"
"S2401_C03_035E","Percent Male!!Estimate!!Production, transportation, and material moving occupations!!Transportation occupations"
"S2401_C03_035M","Percent Male!!Margin of Error!!Production, transportation, and material moving occupations!!Transportation occupations"
"S2401_C04_035E","Female!!Estimate!!Production, transportation, and material moving occupations!!Transportation occupations"
"S2401_C04_035M","Female!!Margin of Error!!Production, transportation, and material moving occupations!!Transportation occupations"
"S2401_C05_035E","Percent Female!!Estimate!!Production, transportation, and material moving occupations!!Transportation occupations"
"S2401_C05_035M","Percent Female!!Margin of Error!!Production, transportation, and material moving occupations!!Transportation occupations"
"S2401_C01_036E","Total!!Estimate!!Production, transportation, and material moving occupations!!Material moving occupations"
"S2401_C01_036M","Total!!Margin of Error!!Production, transportation, and material moving occupations!!Material moving occupations"
"S2401_C02_036E","Male!!Estimate!!Production, transportation, and material moving occupations!!Material moving occupations"
"S2401_C02_036M","Male!!Margin of Error!!Production, transportation, and material moving occupations!!Material moving occupations"
"S2401_C03_036E","Percent Male!!Estimate!!Production, transportation, and material moving occupations!!Material moving occupations"
"S2401_C03_036M","Percent Male!!Margin of Error!!Production, transportation, and material moving occupations!!Material moving occupations"
"S2401_C04_036E","Female!!Estimate!!Production, transportation, and material moving occupations!!Material moving occupations"
"S2401_C04_036M","Female!!Margin of Error!!Production, transportation, and material moving occupations!!Material moving occupations"
"S2401_C05_036E","Percent Female!!Estimate!!Production, transportation, and material moving occupations!!Material moving occupations"
"S2401_C05_036M","Percent Female!!Margin of Error!!Production, transportation, and material moving occupations!!Material moving occupations"
